Instance ID,Instance Name,Schedule Tag Value
i-02bb2debf661a92e7,MWSWM09LU01,No Schedule tag found
i-0d54f1b84dbc1026c,MWSWM09LU02,No Schedule tag found
i-0f14dac9fe44e4f1d,B2BWM09LU01,No Schedule tag found
i-0b842e2e871b341f9,B2BWM09LU02,No Schedule tag found
i-0f180647aa0bf7a8f,A2AWM09LU01,No Schedule tag found
i-06ccc1b7a8393f057,A2AWM09LU02,No Schedule tag found
i-04a1ce4a446bc944b,APIIWM09LU01,No Schedule tag found
i-0cfbc1b76662087d8,APIEWM09LU01,No Schedule tag found
i-0fc9a98ae2635728a,APIEWM09LU02,No Schedule tag found
i-023090aa1108d75db,REGWM09LU01,No Schedule tag found
i-04cb88b0ef0345cb5,REGWM09LU02,No Schedule tag found
i-04e4571459d7888a3,TCSWM09LU01,No Schedule tag found
i-04597b7fc37cbd30d,UMSWM09LU01,No Schedule tag found
i-04d21b492ed4f699f,UMSWM09LU02,No Schedule tag found
i-09d26eec52a575c24,UMSWM09LU03,No Schedule tag found
i-006059c2e4304a15b,MWSWM09LQ01,No Schedule tag found
i-08a7ce50ed4024c95,B2BWM09LQ01,No Schedule tag found
i-0507abd1dcb65ffec,APIIWM09LQ01,No Schedule tag found
i-09ed8f4023925c410,A2AWM09LD01,No Schedule tag found
i-09849159e62172882,MWSWM09LD01,No Schedule tag found
i-0edd9ca808258badd,B2BWM09LD01,No Schedule tag found
i-0605ddb6bac24a1c2,APIIWM09LD01,No Schedule tag found
i-09ed8f4023925c410,A2AWM09LD01,No Schedule tag found
